{
    "model": "MLPClassifier (Tuned)",
    "accuracy": 0.9183333333333333,
    "precision": 0.8753709198813057,
    "recall": 0.7375,
    "f1": 0.8005427408412483
}
