{
    "model": "Random Forest (Tuned)",
    "accuracy": 0.9297777777777778,
    "precision": 0.855879292403746,
    "recall": 0.8225,
    "f1": 0.8388577256501785,
    "oob_score": 0.9270277777777778
}